{"Green Tomato Frittata": ["180 calories", " 13 grams fat", " 3 grams saturated fat", " 0 grams trans fat", " 7 grams monounsaturated fat", " 2 grams polyunsaturated fat", " 6 grams carbohydrates", " 1 gram dietary fiber", " 4 grams sugars", " 10 grams protein", " 380 milligrams sodium"], "Green Tomato and Swiss Chard Gratin": ["254 calories", " 14 grams fat", " 5 grams saturated fat", " 0 grams trans fat", " 7 grams monounsaturated fat", " 2 grams polyunsaturated fat", " 21 grams carbohydrates", " 3 grams dietary fiber", " 6 grams sugars", " 12 grams protein", " 583 milligrams sodium"], "Strawberry Soup": ["125 calories", " 1 gram fat", " 0 grams saturated fat", " 0 grams monounsaturated fat", " 0 grams polyunsaturated fat", " 31 grams carbohydrates", " 5 grams dietary fiber", " 23 grams sugars", " 2 grams protein", " 3 milligrams sodium"], "Peach Buttermilk Soup": ["152 calories", " 4 grams fat", " 1 gram saturated fat", " 0 grams trans fat", " 2 grams monounsaturated fat", " 1 gram polyunsaturated fat", " 28 grams carbohydrates", " 3 grams dietary fiber", " 24 grams sugars", " 6 grams protein", " 175 milligrams sodium"], "Yogurt or Buttermilk Soup With Toasted Barley": ["156 calories", " 3 grams fat", " 2 grams saturated fat", " 1 gram monounsaturated fat", " 0 grams polyunsaturated fat", " 22 grams carbohydrates", " 3 grams dietary fiber", " 13 grams sugars", " 11 grams protein", " 759 milligrams sodium"], "Baked Orzo With Tomatoes, Roasted Peppers and Zucchini": ["192 calories", " 10 grams fat", " 2 grams saturated fat", " 5 grams monounsaturated fat", " 1 gram polyunsaturated fat", " 22 grams carbohydrates", " 3 grams dietary fiber", " 5 grams sugars", " 6 grams protein", " 478 milligrams sodium"], "Wheat Berry and Tomato Salad": ["204 calories", " 10 grams fat", " 3 grams saturated fat", " 6 grams monounsaturated fat", " 1 gram polyunsaturated fat", " 25 grams carbohydrates", " 5 grams dietary fiber", " 3 grams sugars", " 6 grams protein", " 345 milligrams sodium"], "Summer Tomato Gratin": ["175 calories", " 8 grams fat", " 1 gram saturated fat", " 5 grams monounsaturated fat", " 1 gram polyunsaturated fat", " 26 grams carbohydrates", " 6 grams dietary fiber", " 7 grams sugars", " 4 grams protein", " 599 milligrams sodium"], "Penne With Heirloom Tomatoes, Basil, Green Beans and Feta": ["457 calories", " 12 grams fat", " 4 grams saturated fat", " 6 grams monounsaturated fat", " 1 gram polyunsaturated fat", " 71 grams carbohydrates", " 5 grams dietary fiber", " 7 grams sugars", " 15 grams protein", " 552 milligrams sodium"], "Pizza Margherita": ["256 calories", " 21 grams fat", " 5 grams saturated fat", " 13 grams monounsaturated fat", " 2 grams polyunsaturated fat", " 12 grams carbohydrates", " 2 grams dietary fiber", " 3 grams sugars", " 6 grams protein", " 380 milligrams sodium"], "Creamy Gazpacho": ["117 calories", " 1 gram fat", " 0 grams saturated fat", " 0 grams trans fat", " 0 grams monounsaturated fat", " 0 grams polyunsaturated fat", " 23 grams carbohydrates", " 5 grams dietary fiber", " 7 grams sugars", " 5 grams protein", " 612 milligrams sodium"], "Brown Rice With Carrots and Leeks": ["328 calories", " 9 grams fat", " 1 gram saturated fat", " 5 grams monounsaturated fat", " 1 gram polyunsaturated fat", " 59 grams carbohydrates", " 5 grams dietary fiber", " 7 grams sugars", " 6 grams protein", " 890 milligrams sodium"], "Tomato, Zucchini and Avocado Salad": ["120 calories", " 10 grams fat", " 1 gram saturated fat", " 7 grams monounsaturated fat", " 1 gram polyunsaturated fat", " 9 grams carbohydrates", " 4 grams dietary fiber", " 4 grams sugars", " 2 grams protein", " 426 milligrams sodium"], "Cucumber Salsa Salad": ["94 calories", " 7 grams fat", " 1 gram saturated fat", " 5 grams monounsaturated fat", " 1 gram polyunsaturated fat", " 8 grams carbohydrates", " 2 grams dietary fiber", " 4 grams sugars", " 1 gram protein", " 423 milligrams sodium"], "Grilled Pacific Halibut With Mango Salsa": ["422 calories", " 27 grams fat", " 10 grams saturated fat", " 1 gram trans fat", " 14 grams monounsaturated fat", " 2 grams polyunsaturated fat", " 18 grams carbohydrates", " 3 grams dietary fiber", " 15 grams sugars", " 27 grams protein", " 705 milligrams sodium"], "Bulgur Pilaf With Chickpeas and Herbs": ["259 calories", " 7 grams fat", " 1 gram saturated fat", " 4 grams monounsaturated fat", " 2 grams polyunsaturated fat", " 42 grams carbohydrates", " 8 grams dietary fiber", " 4 grams sugars", " 10 grams protein", " 223 milligrams sodium"], "White Beans With Celery": ["377 calories", " 15 grams fat", " 2 grams saturated fat", " 10 grams monounsaturated fat", " 2 grams polyunsaturated fat", " 50 grams carbohydrates", " 13 grams dietary fiber", " 9 grams sugars", " 17 grams protein", " 602 milligrams sodium"], "Bulgur and Walnut Kibbeh": ["90 calories", " 5 grams fat", " 1 gram saturated fat", " 3 grams monounsaturated fat", " 1 gram polyunsaturated fat", " 11 grams carbohydrates", " 2 grams dietary fiber", " 0 grams sugars", " 2 grams protein", " 62 milligrams sodium"], "Olive Oil Granola With Dried Apricots and Pistachios": ["293 calories", " 17 grams fat", " 4 grams saturated fat", " 0 grams trans fat", " 8 grams monounsaturated fat", " 4 grams polyunsaturated fat", " 32 grams carbohydrates", " 4 grams dietary fiber", " 18 grams sugars", " 6 grams protein", " 111 milligrams sodium"], "Sweet-and-Sour Cherries with Bay Leaves": null, "Quick Grilled Flanken With Chili, Sesame and Ginger": ["714 calories", " 41 grams fat", " 13 grams saturated fat", " 16 grams monounsaturated fat", " 6 grams polyunsaturated fat", " 9 grams carbohydrates", " 1 gram dietary fiber", " 5 grams sugars", " 74 grams protein", " 901 milligrams sodium"], "Pea Dip With Parmesan": ["164 calories", " 10 grams fat", " 3 grams saturated fat", " 4 grams monounsaturated fat", " 2 grams polyunsaturated fat", " 10 grams carbohydrates", " 3 grams dietary fiber", " 4 grams sugars", " 9 grams protein", " 252 milligrams sodium"], "Grilled Corn on the Cob With Chipotle Mayonnaise": ["647 calories", " 29 grams fat", " 5 grams saturated fat", " 0 grams trans fat", " 8 grams monounsaturated fat", " 16 grams polyunsaturated fat", " 93 grams carbohydrates", " 10 grams dietary fiber", " 34 grams sugars", " 19 grams protein", " 891 milligrams sodium"], "Corn and Vegetable Gratin With Cumin": ["131 calories", " 9 grams fat", " 3 grams saturated fat", " 0 grams trans fat", " 4 grams monounsaturated fat", " 1 gram polyunsaturated fat", " 6 grams carbohydrates", " 1 gram dietary fiber", " 4 grams sugars", " 8 grams protein", " 313 milligrams sodium"], "Quinoa With Corn and Zucchini": null, "Ligurian Kale Pie (Torta di Verdura)": ["252 calories", " 16 grams fat", " 4 grams saturated fat", " 0 grams trans fat", " 9 grams monounsaturated fat", " 2 grams polyunsaturated fat", " 21 grams carbohydrates", " 2 grams dietary fiber", " 1 gram sugars", " 8 grams protein", " 188 milligrams sodium"], "Tomato-Onion Compote": ["95 calories", " 5 grams fat", " 1 gram saturated fat", " 3 grams monounsaturated fat", " 1 gram polyunsaturated fat", " 13 grams carbohydrates", " 3 grams dietary fiber", " 6 grams sugars", " 2 grams protein", " 432 milligrams sodium"], "Tarragon Cucumber Pickles": ["55 calories", " 0 grams fat", " 0 grams saturated fat", " 0 grams monounsaturated fat", " 0 grams polyunsaturated fat", " 11 grams carbohydrates", " 1 gram dietary fiber", " 9 grams sugars", " 1 gram protein", " 3 milligrams sodium"], "Roast Chicken Legs with Cilantro Gremolata": ["978 calories", " 74 grams fat", " 20 grams saturated fat", " 0 grams trans fat", " 32 grams monounsaturated fat", " 15 grams polyunsaturated fat", " 4 grams carbohydrates", " 1 gram dietary fiber", " 0 grams sugars", " 71 grams protein", " 1060 milligrams sodium"], "Proven\u00e7al Zucchini and Swiss Chard Tart": ["201 calories", " 12 grams fat", " 4 grams saturated fat", " 0 grams trans fat", " 5 grams monounsaturated fat", " 2 grams polyunsaturated fat", " 18 grams carbohydrates", " 2 grams dietary fiber", " 3 grams sugars", " 6 grams protein", " 447 milligrams sodium"], "West African Peanut Soup With Chicken": ["689 calories", " 40 grams fat", " 8 grams saturated fat", " 0 grams trans fat", " 19 grams monounsaturated fat", " 10 grams polyunsaturated fat", " 53 grams carbohydrates", " 11 grams dietary fiber", " 18 grams sugars", " 37 grams protein", " 1870 milligrams sodium"], "Thai Larb Gai (Chicken With Lime, Chili and Fresh Herbs)": ["199 calories", " 11 grams fat", " 3 grams saturated fat", " 0 grams trans fat", " 5 grams monounsaturated fat", " 2 grams polyunsaturated fat", " 8 grams carbohydrates", " 0 grams dietary fiber", " 1 gram sugars", " 15 grams protein", " 375 milligrams sodium"], "Dill Soup": ["170 calories", " 4 grams fat", " 1 gram saturated fat", " 2 grams monounsaturated fat", " 0 grams polyunsaturated fat", " 32 grams carbohydrates", " 3 grams dietary fiber", " 4 grams sugars", " 4 grams protein", " 1074 milligrams sodium"], "Fresh Herb Risotto": ["586 calories", " 16 grams fat", " 5 grams saturated fat", " 9 grams monounsaturated fat", " 2 grams polyunsaturated fat", " 81 grams carbohydrates", " 4 grams dietary fiber", " 8 grams sugars", " 22 grams protein", " 1406 milligrams sodium"], "Lentil Soup With Cilantro (Lots of It)": ["237 calories", " 4 grams fat", " 1 gram saturated fat", " 3 grams monounsaturated fat", " 1 gram polyunsaturated fat", " 38 grams carbohydrates", " 7 grams dietary fiber", " 2 grams sugars", " 14 grams protein", " 1017 milligrams sodium"], "Lebanese Tabbouleh": ["139 calories", " 10 grams fat", " 1 gram saturated fat", " 7 grams monounsaturated fat", " 1 gram polyunsaturated fat", " 13 grams carbohydrates", " 4 grams dietary fiber", " 3 grams sugars", " 3 grams protein", " 398 milligrams sodium"], "Curried Duck Legs With Ginger and Rhubarb": ["589 calories", " 42 grams fat", " 12 grams saturated fat", " 0 grams trans fat", " 18 grams monounsaturated fat", " 8 grams polyunsaturated fat", " 13 grams carbohydrates", " 2 grams dietary fiber", " 5 grams sugars", " 39 grams protein", " 880 milligrams sodium"], "Polenta With Mushrooms, Favas and Tomatoes": ["412 calories", " 6 grams fat", " 1 gram saturated fat", " 2 grams monounsaturated fat", " 1 gram polyunsaturated fat", " 78 grams carbohydrates", " 10 grams dietary fiber", " 11 grams sugars", " 15 grams protein", " 633 milligrams sodium"], "Polenta With Parmesan and Tomato Sauce": ["219 calories", " 5 grams fat", " 2 grams saturated fat", " 0 grams trans fat", " 1 gram monounsaturated fat", " 1 gram polyunsaturated fat", " 39 grams carbohydrates", " 3 grams dietary fiber", " 6 grams sugars", " 4 grams protein", " 880 milligrams sodium"], "Grilled Polenta": ["132 calories", " 3 grams fat", " 1 gram saturated fat", " 0 grams trans fat", " 1 gram monounsaturated fat", " 0 grams polyunsaturated fat", " 23 grams carbohydrates", " 1 gram dietary fiber", " 0 grams sugars", " 2 grams protein", " 76 milligrams sodium"], "Polenta With Zucchini and Tomatoes": ["77 calories", " 4 grams fat", " 1 gram saturated fat", " 2 grams monounsaturated fat", " 0 grams polyunsaturated fat", " 8 grams carbohydrates", " 2 grams dietary fiber", " 5 grams sugars", " 4 grams protein", " 448 milligrams sodium"], "Asparagus Salad With Hard-Boiled Eggs": ["177 calories", " 16 grams fat", " 3 grams saturated fat", " 11 grams monounsaturated fat", " 2 grams polyunsaturated fat", " 5 grams carbohydrates", " 3 grams dietary fiber", " 2 grams sugars", " 5 grams protein", " 367 milligrams sodium"], "Asparagus Frittata With Smoked Trout": null, "Pasta With Asparagus, Arugula and Ricotta": ["485 calories", " 15 grams fat", " 5 grams saturated fat", " 7 grams monounsaturated fat", " 1 gram polyunsaturated fat", " 69 grams carbohydrates", " 5 grams dietary fiber", " 4 grams sugars", " 20 grams protein", " 513 milligrams sodium"], "Proven\u00e7al Onion Pizza": ["189 calories", " 9 grams fat", " 1 gram saturated fat", " 6 grams monounsaturated fat", " 1 gram polyunsaturated fat", " 23 grams carbohydrates", " 2 grams dietary fiber", " 8 grams sugars", " 5 grams protein", " 503 milligrams sodium"], "Publican Chicken": null, "Pickled Asparagus": ["140 calories", " 1 gram fat", " 0 grams saturated fat", " 0 grams monounsaturated fat", " 0 grams polyunsaturated fat", " 23 grams carbohydrates", " 12 grams dietary fiber", " 11 grams sugars", " 13 grams protein", " 1634 milligrams sodium"], "Pizza With Roasted Peppers and Mozzarella": ["1147 calories", " 65 grams fat", " 24 grams saturated fat", " 30 grams monounsaturated fat", " 6 grams polyunsaturated fat", " 91 grams carbohydrates", " 14 grams dietary fiber", " 20 grams sugars", " 51 grams protein", " 1830 milligrams sodium"]}