{"20717063": ["kruid-noten-favorina", " 350 gr"], "8710398502728": ["chipito-gout-fromage-cheetos", " 115 g"], "8008698011065": ["meisterbackers-vital-schar", " 350g"], "14739866": ["kizilay-vita", "Null"], "8710437004626": ["poeder-suiker-van-gilse", "Null"], "8710397021985": ["peijnenburg-overheerlijke-noten", " 450 g"], "8718265810693": ["pannenkoeken", "Null"], "8714685902123": ["tzaziki-yaourt-au-concombre-florentin", "Null"], "8714100753699": ["knaks-unox", "Null"], "8720600096105": ["chou-rouge-hak", " 700g"], "9717100753699": ["knaks-unox", "Null"], "8714100637487": ["magnum", "Null"], "8710624288051": ["biologische-eieren-bio", " 10"], "8712100714962": ["groente-bouillon-knorr", " 80 g"], "8076808050440": ["pates-maccheroni-barilla", "Null"], "8712100619922": ["rich-earl-grey-lipton", "Null"], "8711521914050": ["krokante-muesli-koko-cranberry-ekoplaza", " 500 g"], "3250390100515": ["cerneaux-de-noix-chabrior", " 50 g"], "8718906173842": ["mirtilli", "Null"], "8713576271461": ["miso-terra-sana", " 350g"], "3046920022606": ["85-powerful-black-cacao-lindt", " 100 g \u212e"], "4044889002225": ["feine-bitter-kuverture-vivani", "Null"], "20005733": ["walnuts-alesto", "Null"], "8002590055462": ["panforte-figues-noix-sapori-300gr", "Null"], "7630047677748": ["cafe-ispirazione-venezia", "Null"], "5425007881646": ["knapperige-chocoladenbrokken-belvas", " 120 g"], "7630054476228": ["arpeggio-decafeinato", "Null"], "7630054474620": ["nespresso", "Null"], "8718906425170": ["bkoedsinaasappelsap-ah-excellent", " 1 L"], "8713855511837": ["nuggets-vegafit", " 200 g"], "7501064191466": ["corona-extra", " 6x 355ml"], "3268840001008": ["eau-cristalline-cristaline", "Null"], "4001724819509": ["ristorante-pizza-speciale-dr-oetker", "Null"]}